<?xml version="1.0" encoding="UTF-8"?>
<project-private xmlns="http://www.netbeans.org/ns/project-private/1">
    <editor-bookmarks xmlns="http://www.netbeans.org/ns/editor-bookmarks/2" lastBookmarkId="0"/>
    <open-files xmlns="http://www.netbeans.org/ns/projectui-open-files/2">
        <group>
            <file>file:/C:/Users/HASSAN/Documents/NetBeansProjects/Network%20sniffer/src/jpcap_thread.java</file>
            <file>file:/C:/Users/HASSAN/Documents/NetBeansProjects/Network%20sniffer/src/InterfacesWindow.java</file>
            <file>file:/C:/Users/HASSAN/Documents/NetBeansProjects/Network%20sniffer/src/sniffer.java</file>
            <file>file:/C:/Users/HASSAN/Documents/NetBeansProjects/Network%20sniffer/src/PacketContents.java</file>
            <file>file:/C:/Users/HASSAN/Documents/NetBeansProjects/Network%20sniffer/nbproject/build-impl.xml</file>
        </group>
    </open-files>
</project-private>
